ID,Release,Epic,Requirement,Acceptance criterion,Verifier,Status
ACC-01,R1a,E01,"The system shall accept applications with display name, email, research interests, preferred language, and optional affiliation/biography.",Required fields validate; optional academic affiliation is not a mandatory credential; applicant receives a reference/status page.,QA,Not started
ACC-02,R1a,E01,The system shall verify email ownership before an application enters the approval queue.,Expired/used verification links fail safely; repeated requests are rate-limited; an unverified applicant cannot create projects.,QA,Not started
ACC-03,R1a,E01,"Administrators shall approve, reject with a reason, or request more information; every decision is attributed and dated.",Pending/rejected accounts cannot call researcher APIs; approval enables the same account without recreating it.,QA,Not started
ACC-04,R1a,E01,"The system shall support secure login, logout, session expiry, password recovery, and session revocation.",Recovery does not reveal whether an email is registered; revoked sessions fail on the next protected request.,QA,Not started
ACC-05,R1a,E01,"Approved accounts shall have personal home, library, owned/shared projects, notification preferences, and downloads.",Two accounts see their own data; owning one project imposes no one-project limitation.,QA,Not started
ACC-06,R1a,E01,Researchers shall control public profile fields independently of private account data.,Email is private by default; opting into a public profile exposes only selected fields and public research.,QA,Not started
ACC-07,R1a,E01,Administrators shall suspend/reactivate access with an audit reason; researchers may request account closure.,Suspension blocks new writes/shares/downloads; data is retained for resolution; closure handles owned projects and existing publications explicitly.,QA,Not started
ACC-08,R1a,E01,Administrative and editorial accounts shall use multi-factor authentication (TOTP with single-use recovery codes in R1a; other methods later); researchers shall be offered it.,A privileged action requires a fully authenticated session; recovery events are audited.,QA,Not started
ADM-01,R1a,E12,"Administration shall manage application queues, approval reasons, suspensions, platform roles, and appeal/contact requests.",Role changes are audited; editors cannot grant themselves administrator powers.,Operations,Not started
ADM-03,R1a,E12,"Authorized staff shall manage application and invitation rate limits, abuse reports, upload/export quotas, allowed file types, job failures, rights flags, and public-content reports.",Policy changes do not silently destroy research; affected users receive an actionable explanation.,Operations,Not started
ADM-04,R1a,E12,"Support access to private content shall be explicitly granted for a scope and duration, with reason and audit.",Ordinary admin searches do not reveal private evidence; expired support grants fail.,Operations,Not started
ADM-05,R1a,E12,"Deletions, transfers, submissions, decisions, releases, rights changes, exports, and privileged actions shall be audited.",Audit entries identify actor/action/object/time/outcome and cannot be edited through normal research UI.,Operations,Not started
ADM-06,R1a,E12,"Operational dashboards shall monitor indexing, queue latency, errors, storage, backup results, and export completeness.",Operators can detect failed jobs without reading private research content unnecessarily.,Operations,Not started
ANA-01,R1a,E07,Researchers shall open a saved side-by-side comparison of selected source occurrences with source headers and annotation links.,Original wording is visible; lacking occurrence-specific wording produces a limitation notice rather than invented variants.,Hadith specialist,Not started
ANA-02,R1a,E07,Researchers shall compare selected chains as readable ordered lists with narrator and formula inspection.,Unresolved ordering is displayed as uncertain; narrator clicks open the correct identity or ambiguity record.,Hadith specialist,Not started
ANA-03,R1a,E07,"A narrator dossier shall combine identity fields, available teachers/students, related reports, and attributed criticism.",Every assessment links to its available source; missing information is labelled unknown.,Hadith specialist,Not started
ANA-04,R1a,E07,"A criticism comparison shall filter by target narrator, critic, expression, book, and recorded category while preserving exact qawl text.",Different critics' wording is not replaced by a single numerical score; normalized labels remain separate.,Hadith specialist,Not started
ANA-05,R1a,E07,"Analyses shall save their input IDs/versions, settings, creator, time, annotations, and output version.",Reopening restores the selected inputs; rerunning against changed data creates a new analysis version.,Hadith specialist,Not started
EVI-01,R1a,E06,"Researchers shall create evidence from an exact source span or record, retaining original text, locator, source version/snapshot, collector, and timestamp.",A citation opens the precise selected source where available; missing volume/page is labelled incomplete.,Hadith specialist,Not started
EVI-02,R1a,E06,"Evidence shall support candidate, included, reviewed, excluded, and unresolved states, with reasons for exclusion and unresolved status.","State changes are attributed; reviewed does not imply authentic, correct, or agreed.",Hadith specialist,Not started
EVI-03,R1a,E06,"Annotations shall distinguish source quotation, personal interpretation, attributed scholarly judgment, and machine suggestion.",Export and public preview preserve these labels; unaccepted machine text cannot appear as an attributed scholar statement.,Hadith specialist,Not started
EVI-04,R1a,E06,"Annotations shall support private-to-author or project-shared visibility, with explicit promotion from private to shared.","Owners and publication reviewers cannot read another author's private annotations through exports, search, or document links.",Hadith specialist,Not started
EVI-05,R1a,E06,"Evidence shall link to findings as supporting, opposing, contextual, or unresolved evidence.",One item can support several findings without duplicating its source; opposite interpretations remain possible.,Hadith specialist,Not started
EVI-06,R1a,E06,Deleting or changing referenced evidence shall report dependencies and preserve prior document/submission versions.,A user is warned before removing a used link; a published citation does not silently change its quoted content.,Hadith specialist,Not started
EVI-07,R1a,E06,"Researchers shall propose corpus corrections with the current value, proposed value, evidence, and explanation.",Proposal enters a separate corpus-editor queue; acceptance in a research project does not update canonical data.,Hadith specialist,Not started
EXP-01,R1a,E11,"Researchers shall download a document, selected resources, an entire project, or all currently authorized research across their account.",Account-wide export supports multiple projects; scope preview shows personal and shared material separately.,QA + operations,Not started
EXP-02,R1a,E11,"Complete project exports shall include metadata, resources, saved queries/runs/result sets, evidence, analyses, tasks/discussions, findings/documents, citations, eligible revision histories, research activity, and permitted attachments.",Private-to-other-user content is excluded; the manifest enumerates included objects and explains unavailable/omitted files.,QA + operations,Not started
EXP-03,R1a,E11,Account-wide export shall include personal library/notes and each selected authorized project's shared research plus the requester's applicable private annotations.,"It does not include other members' personal libraries, private notes, credentials, or operational security logs.",QA + operations,Not started
EXP-04,R1a,E11,"Exports shall offer human-readable HTML/Markdown, Unicode JSON, CSV for tabular data, BibTeX/RIS references, PDF for selected documents, and ZIP packages.",A package opens offline with a local index; Arabic/Sorani render in PDF; references retain stable IDs.,QA + operations,Not started
EXP-06,R1a,E11,Large exports shall be resumable background jobs with queued/running/complete/partial/failed/cancelled/expired states.,Closing the browser does not cancel a job; retries do not create conflicting duplicate packages; partial output is never labelled complete.,QA + operations,Not started
EXP-07,R1a,E11,"Every export shall record requester, scope, content versions, corpus identity where available, generation time, format/schema version, counts, exclusions, and checksums for files.",Users can verify package contents and distinguish a missing eligible file from an intentionally excluded restricted item.,QA + operations,Not started
EXP-08,R1a,E11,"Authorization and rights shall be checked at request, generation, and download; download links shall be authenticated and expire.",Revocation before retrieval prevents download of affected private material; jobs are rebuilt or cancelled when their authorized scope changes.,QA + operations,Not started
EXP-09,R1a,E11,Export limits shall partition eligible material into linked packages rather than silently truncating “all research.”,A large export yields a complete manifest across numbered parts or an explicit failure with retry options.,QA + operations,Not started
EXP-10,R1a,E11,"Researchers shall be able to regenerate expired downloads, see storage/quota limits, and retry failures.","Seven-day expiry applies to generated packages, not the underlying research; regeneration rechecks current access.",QA + operations,Not started
LIB-01,R1a,E03,"Researchers shall save books, chapters, sections, reports, occurrences, chains, narrators, judgments, and source passages from the corpus.",Save/open preserves exact object type and ID; a report occurrence is distinguishable from a report-level record.,QA + Hadith specialist,Not started
LIB-02,R1a,E03,"My Library shall support named collections, tags, favourites, personal notes, search, and filtering by type/source/date.",An item may appear in multiple collections without duplicating the canonical record.,QA + Hadith specialist,Not started
LIB-03,R1a,E03,"Researchers shall add an external bibliographical reference with URL or identifiers, author, title, date where known, and access date.",An incomplete citation is permitted and visibly flagged; unknown metadata is not fabricated.,QA + Hadith specialist,Not started
LIB-05,R1a,E03,Researchers shall add a personal item to one or more projects with an explicit preview of shared content.,Private notes are unchecked by default; a collaborator sees only the selected shared content.,QA + Hadith specialist,Not started
LIB-06,R1a,E03,"Project resources shall have project-local tags, inclusion rationale, and collection membership independent of My Library.",Changing a project tag does not rename a personal tag or modify another project's association.,QA + Hadith specialist,Not started
LIB-07,R1a,E03,Duplicate additions shall identify an existing association while allowing distinct excerpts from the same source.,Saving the same book twice prompts reuse; saving two different page passages produces two identifiable excerpts.,QA + Hadith specialist,Not started
LIB-08,R1a,E03,Source unavailability or changes shall not silently destroy saved research references.,A deleted/merged/changed corpus target shows a status and preserved permitted snapshot; the original saved locator remains visible.,QA + Hadith specialist,Not started
LIB-09,R1a,E03,Removing a library association shall not delete its source or another project's resource.,Removing a personal favourite leaves previously shared project evidence intact.,QA + Hadith specialist,Not started
PRJ-01,R1a,E04,"Approved researchers shall create multiple projects, each with a unique ID, title, question, scope, language, owner, and private workspace.",Creating Project B neither changes Project A nor shares its resources or members.,QA,Not started
PRJ-02,R1a,E04,"The project index shall distinguish owned/shared projects and filter by stage, tag, title, archived state, and recent activity.",A membership invitation does not show the workspace until accepted; a removed project disappears from the former member's list.,QA,Not started
PRJ-03,R1a,E04,"Every project shall contain independently scoped resources, queries, evidence, analyses, tasks, discussions, findings, documents, and publication records.",Direct API requests cannot use an authorized project ID to retrieve an item belonging to a different project.,QA,Not started
PRJ-04,R1a,E04,"Projects shall use explicit stages: scoping, collecting, analysing, writing, reviewing, completed. Archived state shall be separate.",Owners can move backwards with an activity entry; archiving an unfinished project does not mark it completed.,QA,Not started
PRJ-05,R1a,E04,"Project overview shall expose scope, milestones, evidence counts by state, open questions, and next actions.",Numerical progress identifies its denominator or manual-estimate basis.,QA,Not started
PRJ-06,R1a,E04,"Authorized researchers shall copy selected resources, queries, and analyses into another project with provenance and a visibility preview.","Membership, private comments, and publication authority are not copied; changes in the destination do not mutate the source project.",QA,Not started
PRJ-07,R1a,E04,"Owners shall transfer ownership (available from R1b, when memberships exist), archive/unarchive, or soft-delete/restore a project.",Transfer requires acceptance; a trashed project is read-only during recovery and does not silently remove a public publication.,QA,Not started
SEA-01,R1a,E05,Search shall support original-text exact phrase and normalized lexical modes with mode visibly identified.,Exact and normalized results can differ; highlights point to the original text; original Arabic/Sorani wording is never overwritten.,QA + database engineer,Not started
SEA-02,R1a,E05,"Search shall support typed filters for book/author/chapter/section, report type, narrator, known chain relationship, critic, recorded hukm, and available dates.",Unsupported or incomplete fields are labelled; unknown dates can be included explicitly rather than silently excluded.,QA + database engineer,Not started
SEA-03,R1a,E05,"Results shall show type, source locator, relevant passage, available chain information, and why the item matched.",Counts state whether they represent reports or occurrences; grouped results can expand to source occurrences.,QA + database engineer,Not started
SEA-04,R1a,E05,"Researchers shall save a named query with text, filter structure, mode, sort, and personal/project scope.",Reopening reconstructs the query; sharing a project query does not expose unrelated personal searches.,QA + database engineer,Not started
SEA-05,R1a,E05,"Every saved-query execution shall record execution time, query-definition version, corpus/index identity, result count, and completion status.",A partial/cancelled search is not labelled complete; rerunning creates a separate run record.,QA + database engineer,Not started
SEA-06,R1a,E05,Researchers shall preserve selected results or all results from a completed run as a result set with immutable membership.,“All results” includes all matched pages at that run; limits/truncation are explicit and require a deliberate reduced selection.,QA + database engineer,Not started
SEA-07,R1a,E05,Result-set membership and saved evidence shall remain stable when the live corpus changes.,A subsequent run can differ without silently adding/removing members of the earlier set.,QA + database engineer,Not started
SEA-08,R1a,E05,Researchers shall review selected results individually or in bulk and add them to project resources/evidence.,"Bulk operations return per-item outcomes, preserve provenance, and do not create unnoticed duplicates.",QA + database engineer,Not started
SEC-01,R1a,E00,"All protected object access (read, write, search, preview, export, file retrieval, background job) shall pass through one policy module that evaluates the requester, project role, object visibility, and the object's actual project.",A permission matrix generated from §3.2 and §12.1 runs as an automated test suite; no endpoint performs its own ad hoc role check.,QA (security),Not started
WRT-01,R1a,E08,"Findings shall contain a title/question, claim or conclusion, reasoning, supporting/opposing evidence, limitations, contributors, and status.",A finding can be provisional or inconclusive; missing required public-submission fields are reported before submission.,QA + Hadith specialist,Not started
WRT-02,R1a,E08,"Projects shall support multiple documents and multiple findings, with many-to-many links between them.","A main article and a chain summary are separate documents; editing one document creates a version, not another unrelated draft.",QA + Hadith specialist,Not started
WRT-03,R1a,E08,"The R1a editor shall be a structured Markdown editor with live preview supporting headings, paragraphs, lists, tables, quotations, footnotes/citations, per-block text direction for Arabic/Sorani/English, and autosave.",Mixed-direction text and citations survive save/reload/export; last successful save and unsaved state are visible.,QA + Hadith specialist,Not started
WRT-04,R1a,E08,Inserting evidence into writing shall create an explicit citation and retain original versus researcher-edited text.,Paraphrase is not presented as an exact quotation; deleting a bibliography entry reports dependent citations.,QA + Hadith specialist,Not started
WRT-05,R1a,E08,"Documents shall support version history, comparison, and restoration without deleting subsequent history.",Restoring an older version creates a new current version; attribution of earlier contributions remains. A stale save from a second session of the same user is rejected as a conflict.,QA + Hadith specialist,Not started
WRT-06,R1a,E08,"Citation generation shall use source metadata including work, edition, volume/page or stable alternative locator, and source-specific report number where available.",Missing components are flagged; the system does not confuse source numbering with global report IDs.,QA + Hadith specialist,Not started
ANN-01,R1b,E09,Owners shall draft and directly publish an announcement from a project without editorial preapproval.,An approved researcher owning a project can publish a valid announcement; nonowners cannot.,QA + editor,Implemented (Backend)
ANN-02,R1b,E09,"Announcements shall contain public title, question/summary, scope, research stage, keywords, credited participants who consent, and optional collaboration contact mechanism.","Public preview excludes private notes, tasks, library items, email addresses, and workspace membership by default.",QA + editor,Implemented (Backend)
ANN-03,R1b,E09,Announcements shall be explicitly labelled as project announcements/ongoing research and not peer-reviewed findings.,Public listings and detail pages show the type; announcement forms do not substitute for formal publication submission.,QA + editor,Implemented (Backend)
ANN-04,R1b,E09,"Owners shall update or unpublish announcements, with retained internal history; administrators may moderate them with recorded reasons.",Unpublishing removes public content from feeds/search; the private project survives; public caches are invalidated.,QA + editor,Implemented (Backend)
ANN-05,R1b,E09,Public announcements shall have stable URLs and optional links to later publications from the same project.,A linked publication reveals only its released content; users cannot derive workspace access from the project URL.,QA + editor,Implemented (Backend)
COL-01,R1b,E08,Owners shall invite approved accounts to project roles; invitations expire and require acceptance.,Unapproved invitees complete approval first; an invitation alone reveals no private project evidence.,QA,Implemented (Backend)
COL-02,R1b,E08,Owners shall change/revoke roles; authorization shall apply immediately to subsequent requests and queued jobs.,"Removed users cannot read content through old URLs, cached API responses, or newly completed export links.",QA,Implemented (Backend)
COL-03,R1b,E08,"Discussions shall attach to a project, evidence item, source span, analysis, finding, or document passage.",Opening a comment reveals its target/context; private targets cannot notify unauthorized recipients.,QA,Implemented (Backend)
COL-04,R1b,E08,"Tasks shall have title, assignee, context link, due date when used, and open/in-progress/blocked/done states.",Only eligible members can be assigned; completing a task does not automatically resolve a scholarly disagreement.,QA,Implemented (Backend)
COL-05,R1b,E08,"Notifications shall cover invitations, mentions, assignments, review decisions, and export completion with personal preferences.",In-app notifications are available; email links require authorization and avoid including private passages.,QA,Implemented (Backend)
COL-06,R1b,E08,Shared edits shall retain author/time/version and prevent silent overwriting of concurrent changes.,A stale editor is shown a conflict and can compare/recover their text; real-time simultaneous editing is not required for R1.,QA,Implemented (Backend)
COL-07,R1b,E08,"Review threads shall allow resolved/unresolved states, reasons, and retained alternative interpretations.",Resolving a thread preserves its history; project decisions identify who made them.,QA,Implemented (Backend)
COL-08,R1b,E08,"Research activity shall be filterable by actor, object, and action without exposing private notes.",Project members see relevant shared changes; security audit fields are restricted.,QA,Implemented (Backend)
SEC-02,R1b,E00,"Background jobs shall evaluate the requester's current permissions at execution and again before output release, not the permissions at enqueue time and not service credentials.",AT-25 passes.,QA (security),Implemented (Backend)
ADM-02,R1c,E12,"Editors shall have queues by submission stage, assignee, age, and required action.",A submission awaiting author revision is distinguishable from one awaiting a reviewer.,Operations,Implemented (Backend)
PUB-01,R1c,E10,"Owners shall assemble a submission from selected findings/documents, authors, abstract, keywords, citations, eligible attachments, and a visibility/rights declaration.",A preview lists every public component and every internal dependency needing resolution.,Editor + QA,Implemented (Backend)
PUB-02,R1c,E10,Submission shall freeze an immutable package version while private research may continue separately.,Editing the working document after submission does not change the editor's package.,Editor + QA,Implemented (Backend)
PUB-03,R1c,E10,"Editors shall triage submissions, request revisions, reject with a reason, or approve an exact package version.",Only editor-authorized transitions succeed; the owner cannot approve their own submission merely through owner permissions.,Editor + QA,Implemented (Backend)
PUB-04,R1c,E10,Editors shall assign at least one publication reviewer before approving formal findings under the default workflow.,Reviewers access only the assigned package; a recorded review and editor decision identify the reviewed version.,Editor + QA,Implemented (Backend)
PUB-05,R1c,E10,Conflict-of-interest declarations shall prevent authors from acting as the deciding editor/reviewer of their own submission.,A conflicted editor must route the submission to another eligible editor; no eligible editor leaves it pending rather than bypassing review.,Editor + QA,Implemented (Backend)
PUB-06,R1c,E10,Revision requests shall generate new submission versions with responses and preserved prior reviews.,Approval of an earlier package cannot publish changed content from a later package.,Editor + QA,Implemented (Backend)
PUB-07,R1c,E10,Approved packages shall publish only through an explicit editor release action.,"Approval alone leaves the item unpublished; release creates a stable public page, version, timestamp, and audit entry atomically.",Editor + QA,Implemented (Backend)
PUB-08,R1c,E10,"Public research pages shall show output type, title, abstract, authors, review-status label, content, citations, publication/version dates, limitations, and eligible downloads.",Visitors can inspect permitted evidence without accessing private project discussions.,Editor + QA,Implemented (Backend)
PUB-09,R1c,E10,"Public research shall be discoverable by title, author, topic, type, language, and date, with separate announcement/results filters.","Private or review-only material never appears in public search, suggestions, feeds, or metadata.",Editor + QA,Implemented (Backend)
PUB-10,R1c,E10,Corrections and substantive revisions shall retain released versions and pass the relevant review workflow.,Public corrections identify changes; released source quotations cannot be silently overwritten.,Editor + QA,Implemented (Backend)
PUB-11,R1c,E10,Withdrawal/retraction shall preserve a public status notice and history except where a justified content-removal process requires removal.,Visitors see current status; a withdrawn item is not displayed as an active approved finding.,Editor + QA,Implemented (Backend)
PUB-12,R1c,E10,"Author credit, source rights, and public licensing choices shall be confirmed before release.",Unapproved participant names and restricted full-text files are blocked from publication; reference metadata can remain where permitted.,Editor + QA,Implemented (Backend)
WRT-07,R1c,E08,The writer shall distinguish internal private/project links from publicly resolvable references before publication.,A private evidence link blocks direct public exposure until a permitted public citation/excerpt is selected or the dependency is removed.,QA + Hadith specialist,Implemented (Backend)
ANA-06,R2,E07,Matn comparison shall offer alignment and addition/omission/substitution highlighting with adjustable normalization.,Users can see unnormalized text and correct alignment; a difference is not automatically labelled a defect.,Hadith specialist,Implemented (Backend)
ANA-07,R2,E07,"Isnād analysis shall show shared nodes, branching, convergence, and formulas, with chain-list and graph views.",Traversal is bounded; edge direction and selected sources remain visible; a graphic cannot invent missing intermediaries.,Hadith specialist,Implemented (Backend)
ANA-08,R2,E07,The workbench shall support candidate Hadith-family grouping and shawāhid/mutābaʿāt collection with researcher-assigned relationship types.,Algorithmic candidates and scholar-reviewed memberships remain separately labelled.,Hadith specialist,Implemented (Backend)
ANA-09,R2,E07,"An ʿilal case shall record competing chains/matns, discrepancy category, critics' statements, preferred versions, reasons, objections, and unresolved issues.",A case can remain inconclusive; the system does not force an authenticity verdict.,Hadith specialist,Implemented (Backend)
ANA-10,R2,E07,Temporal checks shall operate on supported date intervals and meeting/audition evidence.,"Impossible, possible, documented meeting, and documented audition are distinguishable; lifetime overlap is not treated as proof of hearing.",Hadith specialist,Implemented (Backend)
ANA-11,R2,E07,Teacher-specific narrator assessment shall be representable where source evidence exists.,A judgment about one teacher is not silently generalized to all transmissions by that narrator.,Hadith specialist,Implemented (Backend)
ANA-12,R2,E07,"Book-structure and terminology views shall expose chapters, occurrences, lexical concordances, and critic expressions with scoped counts.",Counts identify coverage and unit; drill-down returns the contributing records.,Hadith specialist,Implemented (Backend)
ANN-06,R2,E09,Visitors with verified accounts shall send collaboration-interest requests through a controlled form.,Requests reveal only sender-selected details; acceptance is followed by explicit project invitation and approval checks.,QA + editor,Implemented (Backend)
EVI-08,R2,E06,"Researchers shall record structured historical assertions with alternatives, uncertainty, source, and adjudication.",Estimated dates/identities remain distinguishable from attested statements and retain competing alternatives.,Hadith specialist,Implemented (Backend)
EXP-05,R2,E11,"Document exports shall additionally support editable DOCX, and structured analysis exports shall support documented graph/dataset formats.",Citations and RTL paragraphs survive DOCX conversion; graph edges retain direction and provenance.,QA + operations,Implemented (Backend)
EXP-11,R2,E11,The system shall support importing its documented research-package format into a new private project with preview.,"IDs are remapped, citations/provenance retained, and ownership, collaborators, public status, and approval decisions are not automatically recreated.",QA + operations,Implemented (Backend)
LIB-04,R2,E03,"Once the DATA-06 rights policy is approved, researchers shall upload permitted supporting files with type, size, ownership/rights statement, and description.",Pending scans are inaccessible; unsupported files are rejected clearly; attachment metadata remains available after a failed upload for retry.,QA + Hadith specialist,Not started
LIB-10,R2,E03,Researchers shall import references from documented BibTeX/RIS formats with preview and duplicate handling.,Invalid entries are reported individually; valid entries can be imported without silently overwriting existing references.,QA + Hadith specialist,Implemented (Backend)
PRJ-08,R2,E04,"Project creation shall offer takhrīj, narrator study, grading comparison, and ʿilal investigation templates.","Each template provides editable questions, fields, and milestones; blank projects remain available.",QA,Implemented (Backend)
PUB-13,R2,E10,"Approved datasets, annotated collections, and structured dossiers shall have type-specific public presentations and versioned downloads.",A dataset identifies schema/version; a dossier retains source-linked evidence; neither is forced into an article-only layout.,Editor + QA,Not started
SEA-09,R2,E05,The system shall compare runs and show added/removed/changed results when stable identities permit.,Changed records are distinguished from new records; missing historical coverage is reported.,QA + database engineer,Implemented (Backend)
SEA-10,R2,E05,Researchers shall opt into scheduled reruns and notifications of relevant changes.,Disabled schedules stop; notification recipients must still have access; repeated unchanged runs do not generate duplicate alerts.,QA + database engineer,Implemented (Backend)
WRT-08,R2,E08,"Findings shall support structured argument relationships, including objection, reply, qualification, and alternative conclusion.",Users can inspect the original source behind a reasoning node and export the argument structure.,QA + Hadith specialist,Implemented (Backend)
WRT-09,R2,E08,"Reproducible dataset outputs shall record selection rules, exclusions, labels, data dictionary, source snapshot, and version.",A released dataset identifies included records and applicable redistribution conditions.,QA + Hadith specialist,Not started
WRT-10,R2,E08,The editor shall offer rich-text (WYSIWYG) editing of the same document model without altering stored citations or text direction.,"Documents round-trip between Markdown and rich-text modes without loss of citations, quotations, or direction markers.",QA + Hadith specialist,Not started
ANA-13,R3,E07,"Historical maps/networks shall distinguish birth/death place, residence, journey, meeting, and inferred locations when data supports them.",Unknown/inferred locations are labelled; birth country is not substituted for transmission location.,Hadith specialist,Implemented (Backend)
ANA-14,R3,E07,"Optional AI shall suggest searches, summaries, candidate links, or draft explanations with citations and explicit acceptance controls.",Unsupported claims can be flagged; private content is not sent externally by default; accepted suggestions retain origin and revision history.,Hadith specialist,Not started
SEA-11,R3,E05,Optional semantic retrieval shall label algorithm/model version and separate suggested relevance from confirmed report-family membership.,Suggestions can be accepted/rejected; lexical search remains available independently.,QA + database engineer,Not started
